date,value,ID01002312,ID00186575,ID01002310,ID02039105,ID02039108,ID00184088,ID00186100,ID01002311,ID00183109,ID00183114,ID00183126,ID01244898,GM0000033031,CM0000013263
2014-01-17,846.0,,,,,,,,,,,,,275.0,52.5
2014-01-24,849.0,,,,,,231.58,,,103.27,82.81,41.72,,275.0,52.5
2014-01-31,840.0,,,,,,230.47,,,102.81,82.41,44.17,,54.0,52.6
2014-02-07,828.0,,74.0,,,,230.47,,,102.81,82.41,44.17,,54.0,52.6
2014-02-14,835.0,,62.0,,,,230.47,,,102.81,82.41,44.17,,54.0,52.6
2014-02-21,836.0,,75.0,,,,232.41,,,103.27,83.1,36.81,,54.0,52.6
2014-02-28,805.0,,73.0,,,,229.86,,,101.74,82.19,36.2,,184.0,49.2
2014-03-07,760.0,,54.0,,,,229.24,,,100.98,81.97,33.13,,184.0,49.2
2014-03-14,742.0,,85.0,,,,224.92,,,98.07,80.42,28.22,,184.0,49.2
2014-03-21,735.0,,81.0,,,,224.15,,,97.45,80.15,25.15,,184.0,49.2
2014-03-28,781.0,,64.0,,,,224.5,,,97.61,80.27,30.06,,184.0,49.2
2014-04-04,796.0,,82.0,,,,223.49,,,96.69,79.91,46.63,,159.0,47.7
2014-04-11,800.0,,78.0,,,,222.29,,,95.92,79.48,48.47,,159.0,47.7
2014-04-18,762.0,,68.0,,,,223.32,,,96.53,79.85,53.37,,159.0,47.7
2014-04-25,772.0,,71.0,,,,226.32,,,97.76,80.92,60.12,,159.0,47.7
2014-05-02,745.0,,78.0,,,,226.69,,,97.61,81.06,59.51,,277.0,44.4
2014-05-09,721.0,,65.0,,,,226.49,,,97.31,80.99,63.19,,277.0,44.4
2014-05-16,705.0,,83.0,,,,226.29,,,98.22,80.92,47.24,,277.0,44.4
2014-05-23,697.0,,79.0,,,,226.74,,,97.76,81.07,61.35,,277.0,44.4
2014-05-30,679.0,,60.0,,,,227.57,,,98.22,81.37,59.51,,277.0,44.4
2014-06-06,690.0,,74.0,,,,226.02,,,97.61,80.82,60.12,,311.0,48.3
2014-06-13,669.0,,74.0,,,,226.78,,,98.07,81.09,60.74,,311.0,48.3
2014-06-20,680.0,,75.0,,,,226.46,,,98.37,80.98,60.12,,311.0,48.3
2014-06-27,701.0,,78.0,,,,227.05,,,98.22,81.19,61.35,,311.0,48.3
2014-07-04,707.0,,73.0,,,,229.49,,,99.9,82.06,68.71,,202.0,50.0
2014-07-11,706.0,,77.0,,,,229.17,,,99.9,81.94,68.71,,202.0,50.0
2014-07-18,678.0,,70.0,,,,229.17,,,99.9,81.94,72.39,,202.0,50.0
2014-07-25,669.0,,71.0,,,,230.08,,,99.9,82.27,81.6,,202.0,50.0
2014-08-01,672.0,,48.0,,,,232.46,,,100.98,83.12,81.6,,333.0,50.1
2014-08-08,675.0,,73.0,,,,232.24,,,100.82,83.04,80.98,,333.0,50.1
2014-08-15,666.0,,68.0,,,,232.24,,,100.82,83.04,81.59,,333.0,50.1
2014-08-22,643.0,,72.0,,,,232.34,,,100.82,83.08,82.21,,333.0,50.1
2014-08-29,628.0,,77.0,,,,233.4,,,101.43,83.46,79.75,,333.0,50.1
2014-09-05,585.0,,71.0,,,,232.9,,,101.12,83.28,80.37,,243.0,50.5
2014-09-12,591.0,,77.0,,,,233.4,,,101.43,83.46,79.75,,243.0,50.5
2014-09-19,576.0,,65.0,,,,233.27,,,101.29,83.41,74.85,,243.0,50.5
2014-09-26,562.0,,55.0,,,,231.43,,,100.63,82.75,69.33,,243.0,50.5
2014-10-03,551.0,,77.0,,,,229.49,,,99.6,82.06,51.53,,181.0,49.3
2014-10-10,568.0,,77.0,,,,229.49,,,99.6,82.06,51.53,,181.0,49.3
2014-10-17,568.0,,61.0,,,,229.78,,,99.14,82.16,46.63,,181.0,49.3
2014-10-24,576.0,,85.0,,,,228.9,,,98.59,81.85,49.69,,181.0,49.3
2014-10-31,564.0,,74.0,,,,228.21,,,98.53,81.6,58.89,,307.0,47.4
2014-11-07,537.0,,73.0,,,,228.09,,,98.37,81.56,63.8,,307.0,47.4
2014-11-14,540.0,,60.0,,,,226.98,,,97.76,81.16,68.71,,307.0,47.4
2014-11-21,518.0,,71.0,,,,216.51,,,93.48,77.42,66.26,,307.0,47.4
2014-11-28,521.0,,79.0,,,,228.87,,,98.68,81.84,60.12,,307.0,47.4
2014-12-05,526.0,,77.0,,,,230.79,,,99.29,82.52,69.94,,240.0,45.1
2014-12-12,528.0,,70.0,,,,230.62,,,99.6,82.46,73.62,,240.0,45.1
2014-12-19,523.0,,69.0,,,,232.17,,,100.37,83.02,77.3,,240.0,45.1
2014-12-26,499.0,,65.0,,,,234.5,,,101.74,83.85,68.71,,240.0,45.1
2015-01-02,526.0,,62.0,,,,238.0,,,101.43,85.1,62.58,,284.0,44.7
2015-01-09,524.0,,74.0,,,,243.0,,,103.56,86.89,53.37,,284.0,44.7
2015-01-16,524.0,,78.0,,,,248.15,,,103.4,88.73,53.37,,284.0,44.7
2015-01-23,460.0,,52.0,,,,247.94,,,103.24,88.66,46.63,,284.0,44.7
2015-01-30,457.0,,57.0,,,,245.41,,,101.99,87.75,38.04,,284.0,44.7
2015-02-06,467.0,,73.0,,,,239.17,,,99.32,85.52,30.06,,278.0,43.2
2015-02-13,473.0,,71.0,,,,234.16,,,98.7,83.73,25.77,,278.0,43.2
2015-02-20,478.0,,71.0,,,,233.48,,,98.54,83.49,24.54,,278.0,43.2
2015-02-27,472.0,,52.0,,,,233.48,,,98.54,83.49,24.54,,278.0,43.2
2015-03-06,445.0,,64.0,,,,232.64,,,97.9,83.19,23.93,,204.0,41.9
2015-03-13,452.0,,71.0,,,,229.98,,,96.49,82.23,20.25,,204.0,41.9
2015-03-20,429.0,,67.0,,,,231.86,,,97.02,82.91,18.4,,204.0,41.9
2015-03-27,419.0,,61.0,,,,229.67,,,96.49,82.12,19.02,,204.0,41.9
2015-04-03,380.0,,66.0,,,,225.52,,,95.24,80.64,38.65,,259.0,43.9
2015-04-10,370.0,,65.0,,,,233.53,,,97.76,83.5,52.76,,259.0,43.9
2015-04-17,396.0,,63.0,,,,234.73,,,98.7,83.93,60.12,,259.0,43.9
2015-04-24,419.0,,87.0,,,,234.16,,,98.22,83.73,59.51,,259.0,43.9
2015-05-01,411.0,,66.0,,,,234.89,,,98.7,83.99,59.51,,96.0,45.0
2015-05-08,431.5,,68.0,,,,235.49,,,99.01,84.2,58.28,,96.0,45.0
2015-05-15,423.0,,68.0,,,,235.15,,,98.38,84.08,50.92,,96.0,45.0
2015-05-22,417.0,,46.0,,,,235.67,,,98.7,84.27,50.31,,96.0,45.0
2015-05-29,427.0,,58.0,,,,235.36,,,98.38,84.16,49.08,,96.0,45.0
2015-06-05,426.0,,83.0,,,,234.65,,,98.07,83.91,39.26,,273.0,47.8
2015-06-12,423.0,,55.0,,,,234.5,,,97.91,83.85,37.42,,273.0,47.8
2015-06-19,415.0,,59.0,,,,233.5,,,97.91,83.49,28.22,,273.0,47.8
2015-06-26,416.0,,48.0,,,,232.33,,,97.29,83.07,21.47,,273.0,47.8
2015-07-03,388.0,,71.0,,,,228.99,,,95.71,81.88,13.49,,342.0,49.4
2015-07-10,353.0,,69.0,,,,226.4,,,93.6,80.96,7.36,,342.0,49.4
2015-07-17,352.0,,79.0,,,,224.55,,,92.89,80.29,3.68,,342.0,49.4
2015-07-24,348.5,,81.0,,,,217.92,,,88.03,77.92,3.07,,342.0,49.4
2015-07-31,367.0,,66.0,,,,219.98,,,89.44,78.66,3.07,,171.0,47.3
2015-08-07,371.5,,67.0,,,,221.58,,,90.54,79.23,3.07,,171.0,47.3
2015-08-14,385.0,,68.0,,,,222.91,,,90.54,79.71,7.98,,171.0,47.3
2015-08-21,379.5,,80.0,,,,222.85,,,90.69,79.69,25.15,,171.0,47.3
2015-08-28,382.0,,68.0,,,,223.64,,,91.63,79.97,29.45,,171.0,47.3
2015-09-04,391.0,,67.0,,,,221.89,,,91.95,79.34,24.54,,282.0,44.7
2015-09-11,407.5,,70.0,,,,223.32,,,91.33,79.85,20.86,,282.0,44.7
2015-09-18,388.0,,70.0,,,,226.14,,,92.89,80.86,19.63,,282.0,44.7
2015-09-25,382.0,,77.0,,,,226.85,,,93.36,81.11,19.02,,282.0,44.7
2015-10-02,366.0,,68.0,,,,227.74,,,93.2,81.43,12.27,,134.0,44.9
2015-10-09,391.0,,65.0,,,,227.74,,,93.2,81.43,12.27,,134.0,44.9
2015-10-16,367.5,,79.0,,,,226.14,,,92.42,80.86,9.82,,134.0,44.9
2015-10-23,370.0,,66.0,,,,223.98,,,91.01,80.09,4.91,,134.0,44.9
2015-10-30,362.5,,63.0,,,,221.29,,,89.44,79.13,4.91,,134.0,44.9
2015-11-06,347.5,,101.0,,,,221.52,,,89.6,79.21,3.68,,150.0,45.8
2015-11-13,350.5,,70.0,,,,219.51,,,88.96,78.49,4.29,,150.0,45.8
2015-11-20,333.5,,63.0,,,,219.62,,,88.96,78.53,8.59,,150.0,45.8
2015-11-27,333.5,,76.0,,,,217.32,,,88.34,77.71,6.75,,150.0,45.8
2015-12-04,305.5,,71.0,,,,214.79,,,88.03,76.8,6.13,,304.0,44.4
2015-12-11,299.5,,83.0,,,,215.08,,,87.39,76.9,5.52,,304.0,44.4
2015-12-18,318.0,,77.0,,,,213.93,,,86.61,76.49,4.91,,304.0,44.4
2015-12-25,347.0,,67.0,,,,212.62,,,86.15,76.03,4.29,,304.0,44.4
2016-01-01,359.5,9743.0,84.0,,,,214.0,255.0,,85.36,76.52,4.91,,229.0,41.1
2016-01-08,350.0,9608.0,75.0,,,,218.0,264.0,,84.1,77.95,7.36,,229.0,41.1
2016-01-15,318.0,9906.0,85.0,,,,221.17,254.0,,85.32,79.08,14.35,,229.0,41.1
2016-01-22,292.5,10063.0,72.0,,,,219.53,258.0,,84.69,78.5,15.72,,229.0,41.1
2016-01-29,297.0,10005.0,57.0,,,,217.64,256.0,,84.23,77.82,23.24,,229.0,41.1
2016-02-05,307.5,9841.0,57.0,,,,218.77,245.0,,84.39,78.23,28.71,,269.0,42.4
2016-02-19,316.5,9657.0,85.0,,,,218.77,278.0,,84.39,78.23,28.71,,269.0,42.4
2016-02-26,325.5,9813.0,58.0,,,,217.93,235.0,,84.39,77.92,28.71,,269.0,42.4
2016-03-04,356.0,9819.0,61.0,,,,218.27,269.0,,84.85,78.05,43.05,,133.0,45.1
2016-03-11,364.0,9786.0,65.0,,,,226.59,261.0,,87.54,81.02,49.2,,133.0,45.1
2016-03-18,391.0,9695.0,66.0,,,,227.73,272.0,,88.49,81.43,62.19,,133.0,45.1
2016-03-25,370.0,9750.0,80.0,,,,228.54,261.8,,88.33,81.72,62.19,,133.0,45.1
2016-04-01,363.0,9631.0,67.0,,,,230.2,260.6,,88.79,82.31,66.97,,197.0,50.2
2016-04-08,355.0,9943.0,76.0,,,,230.12,252.0,,88.49,82.29,68.34,,197.0,50.2
2016-04-15,380.5,10072.0,76.0,,,,230.02,255.0,,88.49,82.25,75.17,,197.0,50.2
2016-04-22,439.5,9914.0,67.0,,,,231.2,271.0,,89.42,82.67,90.2,,197.0,50.2
2016-04-29,426.5,9939.0,75.0,,,,231.36,279.0,,89.74,82.73,94.3,,197.0,50.2
2016-05-06,386.5,10008.0,81.0,,,,231.05,263.5,,90.06,82.62,96.35,,255.0,55.3
2016-05-13,336.0,10067.0,78.0,,,,232.05,255.7,,90.69,82.97,95.67,,255.0,55.3
2016-05-20,348.0,9937.0,80.0,,,,236.37,264.2,,91.95,84.52,95.67,,255.0,55.3
2016-05-27,327.5,10178.0,80.0,,,,238.92,270.1,,92.58,85.43,92.25,,255.0,55.3
2016-06-03,326.5,10186.0,61.0,,,,239.55,265.5,,92.74,85.66,72.44,,193.0,57.6
2016-06-10,339.5,10017.0,60.0,,,,239.87,259.8,,92.58,85.77,63.56,,193.0,57.6
2016-06-17,344.5,10070.0,49.0,,,,237.16,261.7,,91.64,84.8,60.14,,193.0,57.6
2016-06-24,352.5,10057.0,70.0,,,,224.64,239.6,,85.96,80.33,53.99,,193.0,57.6
2016-07-01,391.5,10268.0,75.0,,,,235.08,255.4,,90.69,84.06,53.99,,45.0,55.3
2016-07-08,395.5,10461.0,84.0,,,,235.66,266.4,,91.01,84.26,66.29,,45.0,55.3
2016-07-15,417.5,10657.0,89.0,,,,235.47,255.0,,90.69,84.2,76.54,,45.0,55.3
2016-07-22,388.0,10840.0,81.0,,,,230.99,267.5,,89.58,82.6,87.47,,45.0,55.3
2016-07-29,417.0,10884.0,70.0,,,,233.28,258.8,,89.74,83.42,87.47,,45.0,55.3
2016-08-05,443.5,10864.0,64.0,,,,231.39,254.6,,89.11,82.74,86.1,,246.0,51.3
2016-08-12,432.0,10821.0,70.0,,,,235.89,254.8,,91.01,84.35,88.15,,246.0,51.3
2016-08-19,444.5,10754.0,78.0,,,,238.05,259.2,,91.95,85.12,88.83,,246.0,51.3
2016-08-26,431.0,10641.0,70.0,,,,237.47,259.3,,91.64,84.91,90.2,,246.0,51.3
2016-09-02,419.5,10540.0,67.0,,,,239.0,269.0,,92.1,85.46,90.2,,374.0,54.6
2016-09-09,408.5,10424.0,77.0,,,,236.63,270.2,,90.69,84.61,90.89,,374.0,54.6
2016-09-16,393.5,10346.0,78.0,,,,239.87,271.5,,91.95,85.77,91.57,,374.0,54.6
2016-09-23,413.5,10401.0,68.0,,,,241.24,269.8,,92.26,86.26,89.52,,374.0,54.6
2016-09-30,404.5,10272.0,95.0,,,,239.95,252.0,,91.8,85.8,75.86,,142.0,57.2
2016-10-14,438.5,10648.0,69.0,,,,235.18,245.3,,90.85,84.09,69.02,,142.0,57.2
2016-10-21,444.5,10568.0,81.0,,,,233.42,275.3,,90.06,83.46,63.56,,142.0,57.2
2016-10-28,494.0,10686.0,88.0,,,,234.92,268.0,,90.53,84.0,53.3,,142.0,57.2
2016-11-04,500.0,10829.0,67.0,,,,233.92,279.6,,89.42,83.64,48.52,,305.0,57.5
2016-11-11,614.5,11119.0,70.0,,,,231.31,280.16,,88.49,82.71,49.2,,305.0,57.5
2016-11-18,551.0,10909.0,87.0,,,,231.05,283.9,,88.33,82.62,62.87,,305.0,57.5
2016-11-25,653.5,11135.0,67.0,,,,230.47,276.9,,87.7,82.41,59.45,,305.0,57.5
2016-12-02,631.0,11073.0,72.0,,,,231.28,262.5,,87.38,82.7,52.62,,99.0,62.6
2016-12-09,668.5,11212.0,75.0,,,,231.02,268.2,,86.59,82.61,52.62,,99.0,62.6
2016-12-16,661.5,11243.0,68.0,,,,229.07,272.9,,86.27,81.91,60.82,,99.0,62.6
2016-12-23,667.0,11299.0,78.0,,,,228.67,272.2,,85.8,81.77,78.59,,99.0,62.6
2016-12-30,668.0,11165.0,95.0,,,,221.88,231.9,,82.49,79.34,79.96,,99.0,62.6
2017-01-06,669.0,11439.0,79.0,,,,227.23,261.1,,84.85,81.25,77.23,,117.0,68.3
2017-01-13,700.0,11732.0,71.0,,,,216.07,249.9,,82.49,77.26,78.59,,117.0,68.3
2017-01-20,530.0,11899.0,102.0,,,,216.91,269.2,,82.65,77.56,79.28,,117.0,68.3
2017-01-27,570.0,11951.0,84.0,,,,220.65,292.2,,84.39,78.9,82.68,,117.0,68.3
2017-02-03,527.0,11951.0,68.0,,,,220.65,292.2,,84.39,78.9,82.68,,225.0,69.6
2017-02-10,570.5,11951.0,73.0,,,,223.16,292.2,,85.32,79.8,83.38,,225.0,69.6
2017-02-17,603.5,12820.0,73.0,,,,223.29,278.1,,85.48,79.84,85.43,,225.0,69.6
2017-02-24,595.5,12931.0,83.0,,,,224.49,267.2,,86.53,80.27,90.69,,225.0,69.6
2017-03-03,583.0,13081.0,82.0,,,,225.15,266.7,,86.64,80.52,92.31,,220.0,64.5
2017-03-10,546.5,13166.0,75.0,,,,228.95,264.8,,88.04,81.87,93.12,,220.0,64.5
2017-03-17,586.5,13129.0,68.0,,,,227.43,268.6,,87.69,81.33,93.52,,220.0,64.5
2017-03-24,529.0,13182.0,70.0,,,,229.5,262.4,,88.04,82.07,95.14,,220.0,64.5
2017-03-31,505.5,13363.0,79.0,,,,230.86,263.2,,88.04,82.56,95.14,,220.0,64.2
2017-04-07,483.5,13456.0,75.0,,,,234.8,266.6,,89.43,83.97,95.14,,220.0,64.2
2017-04-14,476.0,13374.0,60.0,,,,236.82,264.8,,90.01,84.69,93.93,,220.0,64.2
2017-04-21,473.0,13236.0,70.0,,,,237.76,283.0,,89.9,85.02,93.12,,220.0,64.2
2017-04-28,497.5,13135.0,79.0,,,,239.11,269.8,,90.36,85.51,82.59,,220.0,64.2
2017-05-05,443.0,13333.0,91.0,,,,237.85,275.5,,89.2,85.06,84.62,,121.0,59.3
2017-05-12,430.0,13606.0,72.0,,,,237.38,272.4,,88.5,84.89,85.83,,121.0,59.3
2017-05-19,465.5,13793.0,66.0,,,,233.85,278.3,,87.69,83.63,87.04,,121.0,59.3
2017-05-26,435.5,13942.0,53.0,,,,232.24,252.8,,86.76,83.05,91.9,,121.0,59.3
2017-06-02,415.0,14027.0,64.0,,,,232.98,282.3,,87.22,83.32,93.93,,205.0,51.8
2017-06-09,413.5,14014.0,61.0,,,,234.09,274.5,,88.5,83.71,93.93,,205.0,51.8
2017-06-16,421.0,14411.0,69.0,,,,238.01,280.4,,89.2,85.11,92.71,,205.0,51.8
2017-06-23,427.5,14236.0,64.0,,,,241.03,276.535,,90.36,86.2,93.12,,205.0,51.8
2017-06-30,462.0,14539.0,80.0,,,,242.11,288.81,,90.48,86.58,92.71,,206.0,49.5
2017-07-07,469.5,14413.0,64.0,,,,242.63,283.42,,90.13,86.77,93.12,,206.0,49.5
2017-07-14,465.5,14229.0,86.0,,,,243.68,291.2,,90.71,87.14,93.12,,206.0,49.5
2017-07-21,485.0,14287.0,88.0,,,,242.83,288.18,,90.24,86.84,94.33,,206.0,49.5
2017-07-28,510.5,14320.0,65.0,,,,242.88,287.62,,89.9,86.86,94.74,,206.0,49.5
2017-08-04,548.5,14231.0,68.0,,,,244.09,289.52,,90.36,87.29,95.14,,203.0,50.4
2017-08-11,536.0,14037.0,62.0,,,,244.99,266.99,,90.13,87.61,95.14,,203.0,50.4
2017-08-18,580.5,13834.0,75.0,,,,245.14,288.79,,90.36,87.66,94.33,,203.0,50.4
2017-08-25,585.5,13635.0,73.0,,,,244.85,298.84,,90.36,87.56,94.74,,203.0,50.4
2017-09-01,583.0,13473.0,58.0,,,,244.97,299.6,,90.13,87.6,94.74,,189.0,57.9
2017-09-08,534.5,13419.0,75.0,,,,242.4,294.02,,88.97,86.68,93.93,,189.0,57.9
2017-09-15,508.0,13390.0,70.0,,,,240.58,292.09,,88.73,86.03,93.93,,189.0,57.9
2017-09-22,466.5,13261.0,68.0,,,,240.2,295.64,,88.62,85.9,93.93,,189.0,57.9
2017-09-29,454.5,13174.0,96.0,,,,238.55,288.51,,88.04,85.31,93.93,,189.0,57.9
2017-10-13,455.5,13357.0,81.0,,,,239.51,284.77,,88.27,85.65,93.93,,147.0,65.3
2017-10-20,469.0,13147.0,90.0,,,,236.0,264.0,,85.95,84.4,93.52,,147.0,65.3
2017-10-27,428.0,13178.0,66.0,,,,232.68,264.0,,85.25,83.21,93.12,,147.0,65.3
2017-11-03,439.5,13594.0,81.0,,,,228.63,258.13,,83.04,81.76,92.31,,88.0,68.4
2017-11-10,462.5,13742.0,71.0,,,,229.0,276.0,,82.81,81.89,93.12,,88.0,68.4
2017-11-17,462.5,13841.7,67.0,,,,225.05,268.59,,81.42,80.48,93.12,,88.0,68.4
2017-11-24,495.5,13815.3,70.0,,,,219.56,285.68,,75.49,78.52,93.12,,88.0,68.4
2017-12-01,520.0,13984.9,77.0,,,,210.3,275.98,,75.73,75.21,92.71,,143.0,63.4
2017-12-08,501.0,14135.5,68.0,,,,208.78,261.75,,75.03,74.66,92.71,,143.0,63.4
2017-12-15,490.0,14217.6,51.0,,,,205.49,267.62,,73.98,73.48,92.31,,143.0,63.4
2017-12-22,518.0,14338.7,73.0,,,,206.27,263.78,,74.1,73.76,92.71,,143.0,63.4
2017-12-29,480.0,14537.0,73.0,,,,206.3,259.71,,73.4,73.78,92.71,,143.0,63.4
2018-01-05,484.5,14655.1,75.0,,,,205.44,266.5,,73.52,73.47,93.12,,223.0,59.8
2018-01-12,492.0,14923.2,67.0,,,,208.35,258.77,,75.26,74.51,93.12,,223.0,59.8
2018-01-19,539.0,15197.0,76.0,,,,210.35,268.27,,75.96,75.22,92.71,,223.0,59.8
2018-01-26,523.5,15360.86,62.0,,,,211.37,251.85,,75.84,75.59,92.71,,223.0,59.8
2018-02-02,518.5,15182.2,50.0,,,,210.98,274.53,,75.49,75.45,92.71,,150.0,62.2
2018-02-09,518.0,15142.8,69.0,,,,209.68,274.63,,75.03,74.98,92.71,,150.0,62.2
2018-02-16,531.0,15238.1,71.0,,,,208.33,309.09,,75.38,74.5,92.71,,150.0,62.2
2018-02-23,539.0,15238.1,74.0,,,,208.33,309.09,,75.38,74.5,92.71,,150.0,62.2
2018-03-02,537.5,15748.0,60.0,,,,209.59,196.69,,75.73,74.95,92.71,,137.0,59.7
2018-03-09,486.5,15956.2,62.0,,,,208.55,289.07,,75.49,74.58,92.71,,137.0,59.7
2018-03-16,487.0,15832.17,67.0,,,,209.57,268.84,,75.15,74.95,92.71,,137.0,59.7
2018-03-23,434.0,15972.59,56.0,,,,208.41,249.83,,75.26,74.53,92.71,,137.0,59.7
2018-03-30,452.5,16135.4,61.0,,,,209.34,255.66,,76.31,74.86,92.71,,137.0,59.7
2018-04-06,433.5,16281.8,61.0,,,,211.82,265.05,,77.93,75.75,92.31,,394.0,53.4
2018-04-13,448.0,16116.13,55.0,,,,214.7,272.28,,78.51,76.78,92.31,,394.0,53.4
2018-04-20,455.0,16042.97,76.0,,,,217.9,271.81,,79.67,77.92,92.31,,394.0,53.4
2018-04-27,456.0,15983.18,74.0,,,,218.81,277.06,,78.86,78.25,92.31,,394.0,53.4
2018-05-04,464.5,15908.41,46.0,,,,216.45,278.6,,78.51,77.4,92.31,,226.0,53.4
2018-05-11,476.5,16015.99,72.0,,,,217.53,268.41,,79.33,77.79,92.31,,226.0,53.4
2018-05-18,470.0,15876.39,60.0,,,,221.26,271.83,,80.49,79.12,92.31,,226.0,53.4
2018-05-25,448.0,15756.47,73.0,,,,224.82,283.5,,81.53,80.4,92.31,,226.0,53.4
2018-06-01,454.0,15889.44,68.0,,,,227.87,286.19,,83.39,81.49,92.31,,142.0,53.0
2018-06-08,461.5,16040.16,52.0,,,,228.27,285.85,,83.62,81.63,92.31,,142.0,53.0
2018-06-15,468.5,15914.61,71.0,,,,228.21,275.52,,83.28,81.61,92.31,,142.0,53.0
2018-06-22,459.5,15723.47,65.0,,,,227.39,266.83,,83.28,81.32,92.31,,142.0,53.0
2018-06-29,474.5,15488.41,77.0,,,,227.31,281.51,,83.16,81.29,92.31,,142.0,53.0
2018-07-06,461.5,15579.28,56.0,,,,226.8,269.95,,82.58,81.1,92.31,,318.0,56.7
2018-07-13,462.5,15342.07,78.0,,,,227.71,287.32,,83.28,81.43,91.9,,318.0,56.7
2018-07-20,469.0,15351.73,57.0,,,,227.96,279.02,,82.93,81.52,91.9,,318.0,56.7
2018-07-27,491.5,15365.23,62.0,,,,228.35,274.46,,83.16,81.66,92.31,,318.0,56.7
2018-08-03,486.0,15345.48,63.0,,,,223.72,262.23,,80.02,80.0,92.71,,219.0,57.7
2018-08-10,506.5,15410.39,48.0,,,,222.86,279.37,,79.44,79.69,92.71,,219.0,57.7
2018-08-17,504.5,15286.9,78.0,,,,221.25,277.03,,78.75,79.12,92.71,,219.0,57.7
2018-08-24,490.5,15145.93,66.0,,,,221.36,272.62,,78.75,79.16,92.71,,219.0,57.7
2018-08-31,485.0,14961.91,66.0,,,,221.58,263.18,,78.86,79.24,92.71,,61.0,54.3
2018-09-07,498.0,14733.23,70.0,,,,221.62,281.82,,79.09,79.25,91.9,,61.0,54.3
2018-09-14,501.5,14774.36,60.0,,,,222.62,282.43,,79.44,79.61,90.69,,61.0,54.3
2018-09-21,501.0,14756.61,67.0,,,,223.24,287.48,,80.6,79.83,90.69,,61.0,54.3
2018-09-28,495.5,14784.43,62.0,,,,224.92,285.01,,80.49,80.43,91.5,,61.0,54.3
2018-10-12,515.0,14516.54,59.0,,,,227.68,293.95,,80.84,81.42,91.9,,259.0,58.7
2018-10-19,515.0,14353.18,71.0,,,,229.1,289.97,,80.84,81.93,91.5,,259.0,58.7
2018-10-26,538.5,14527.65,55.0,,,,229.41,291.93,,80.37,82.04,91.5,,259.0,58.7
2018-11-02,508.5,14518.64,60.0,,,,228.36,304.41,,80.14,81.66,91.9,,79.0,59.8
2018-11-09,525.0,14357.4,62.0,,,,228.5,307.89,,79.44,81.71,91.5,,79.0,59.8
2018-11-16,521.0,14281.87,61.0,,,,225.81,296.26,,79.09,80.75,91.9,,79.0,59.8
2018-11-23,497.0,14273.01,50.0,,,,225.11,287.29,,78.4,80.5,91.09,,79.0,59.8
2018-11-30,482.0,14314.08,47.0,,,,221.55,278.56,,77.58,79.23,86.64,,168.0,58.0
2018-12-07,516.0,14034.92,58.0,,,,221.8,276.23,,76.89,79.31,76.52,,168.0,58.0
2018-12-14,514.5,13860.02,64.0,,,,220.21,268.82,,76.31,78.81,78.54,,168.0,58.0
2018-12-21,540.0,13941.33,60.0,,,,218.31,267.65,,76.19,78.13,77.33,,168.0,58.0
2018-12-28,547.0,13885.38,65.0,,,,217.54,271.98,,75.26,77.79,77.33,,168.0,58.0
2019-01-04,563.0,14156.43,68.0,,,,214.78,265.23,,75.49,76.8,76.52,,91.0,50.3
2019-01-11,579.0,14288.16,53.0,,,,213.06,264.03,,79.95,80.04,76.11,,91.0,50.3
2019-01-18,497.0,14182.2,70.0,,,,214.2,279.47,,80.08,80.47,77.73,,91.0,50.3
2019-01-25,495.5,14373.5,67.0,,,,214.39,287.78,,80.99,80.54,78.54,,91.0,50.3
2019-02-01,546.0,14205.75,45.0,,,,216.6,301.37,,82.29,81.37,79.35,,192.0,44.8
2019-02-15,544.5,13973.0,64.0,,,,218.12,313.0,,82.81,81.94,80.97,,192.0,44.8
2019-02-22,560.0,14414.21,69.0,,,,221.16,266.76,,82.68,83.09,81.78,,192.0,44.8
2019-03-01,558.0,14576.5,68.0,,,,222.42,283.3,,83.07,83.56,81.78,,250.0,46.3
2019-03-08,546.5,14687.73,72.0,,,,221.67,292.31,,82.81,83.28,82.59,,250.0,46.3
2019-03-15,546.5,14745.65,59.0,,,,216.29,266.11,,79.3,81.26,84.21,,250.0,46.3
2019-03-22,534.0,14770.0,60.0,,,,215.26,248.73,,79.04,80.87,83.4,,250.0,46.3
2019-03-29,553.0,14788.56,47.0,,,,217.89,292.8,,80.08,81.86,85.43,,250.0,46.3
2019-04-05,580.0,14702.93,64.0,,,,219.68,277.14,,80.86,82.53,86.64,,6.0,51.9
2019-04-12,603.0,14843.43,64.0,,,,225.18,276.58,,85.55,84.6,87.04,,6.0,51.9
2019-04-19,573.0,14186.13,41.0,,,,231.3,289.83,,87.24,86.89,88.26,,6.0,51.9
2019-04-26,571.0,13836.29,65.0,,,,235.3,280.25,,88.41,88.4,88.26,,6.0,51.9
2019-05-03,588.0,13426.0,60.0,,,,236.71,283.0,,88.93,88.93,88.26,,230.0,53.5
2019-05-10,596.5,13437.48,66.0,,,,237.88,292.82,,89.19,89.37,90.28,,230.0,53.5
2019-05-17,647.0,13330.83,57.0,,,,236.6,297.9,,87.5,88.89,90.28,,230.0,53.5
2019-05-24,671.5,13206.92,58.0,,,,237.33,293.5,,88.02,89.16,90.28,,230.0,53.5
2019-05-31,664.5,12767.82,50.0,,,,238.37,297.14,,90.1,89.55,90.69,,298.0,53.1
2019-06-07,644.0,12398.1,62.0,,,,238.99,289.89,,90.49,89.78,90.69,,298.0,53.1
2019-06-14,702.5,12158.0,47.0,,,,240.93,295.0,,90.76,90.51,91.09,,298.0,53.1
2019-06-21,718.0,11795.73,57.0,,569.3,1869.0,241.1,291.61,,90.49,90.58,91.09,,298.0,53.1
2019-06-28,741.0,11752.3,55.0,,747.7,1767.1,239.86,281.68,,90.36,90.11,88.66,,298.0,53.1
2019-07-05,737.5,11565.03,51.0,,781.4,1996.7,238.23,287.73,,87.5,89.5,89.88,,28.0,51.8
2019-07-12,762.0,11493.15,57.0,,616.5,1522.5,231.07,281.02,,85.81,86.81,90.69,,28.0,51.8
2019-07-19,795.0,11413.51,84.0,,647.2,1737.6,230.09,290.3,,85.55,86.44,90.69,,28.0,51.8
2019-07-26,764.0,11682.09,74.0,,614.5,1643.2,229.05,291.85,,86.07,86.05,91.09,,28.0,51.8
2019-08-02,724.5,11641.81,65.0,,691.9,1641.6,229.87,286.64,,85.94,86.36,90.69,,218.0,49.0
2019-08-09,639.0,11869.28,57.0,,760.5,1771.6,223.76,262.1,,86.72,84.06,89.47,,218.0,49.0
2019-08-16,626.5,11850.75,40.0,,775.5,1811.2,234.06,293.89,,88.54,87.93,84.62,,218.0,49.0
2019-08-23,613.0,11601.24,68.0,,738.5,1773.7,234.59,254.65,,87.5,88.13,78.14,,218.0,49.0
2019-08-30,607.5,11984.33,69.0,,909.8,1525.8,234.12,308.5,,87.5,87.95,76.52,,218.0,49.0
2019-09-06,629.0,12131.4,69.0,,755.9,1830.5,232.87,310.4,,86.46,87.48,75.3,,97.0,50.7
2019-09-13,680.0,12091.66,57.0,,649.7,1658.1,236.51,317.93,,87.24,88.85,78.14,,97.0,50.7
2019-09-20,635.0,11944.0,76.0,,599.8,1750.2,237.09,316.0,,87.24,89.07,79.76,,97.0,50.7
2019-09-27,642.5,12254.29,55.0,,757.1,1621.2,236.83,314.23,,87.63,88.97,84.21,,97.0,50.7
2019-10-04,655.5,12033.0,76.0,,724.5,1576.0,225.27,287.0,,76.17,84.63,86.23,,235.0,48.6
2019-10-11,658.0,12033.0,65.0,,813.7,1422.9,201.0,287.0,,73.96,75.51,86.23,,235.0,48.6
2019-10-18,616.0,12669.6,65.0,,660.2,1637.9,219.52,309.5,,82.94,82.47,87.04,,235.0,48.6
2019-10-25,634.5,12724.03,50.0,,677.1,1560.7,222.49,301.22,,82.42,83.59,85.02,,235.0,48.6
2019-11-01,625.5,12836.0,61.0,,774.0,1617.1,220.32,268.0,,82.68,82.77,86.23,,194.0,52.2
2019-11-08,600.0,12648.5,54.0,,755.6,1753.6,223.58,312.19,,83.98,84.0,86.23,,194.0,52.2
2019-11-15,628.5,12585.0,52.0,,727.3,1766.4,221.59,295.0,,82.42,83.25,85.43,,194.0,52.2
2019-11-22,650.5,12373.75,53.0,,721.0,1869.4,225.44,316.43,,83.98,84.7,86.23,,194.0,52.2
2019-11-29,646.0,12517.25,53.0,,707.7,1641.8,225.09,306.13,,83.59,84.56,87.85,,194.0,52.2
2019-12-06,653.0,12383.41,77.0,,660.9,1625.0,229.13,304.35,,84.77,86.08,89.88,,95.0,50.4
2019-12-13,685.5,12343.88,52.0,,532.2,1837.1,232.08,313.99,,85.68,87.19,89.88,,95.0,50.4
2019-12-20,674.0,12307.54,73.0,,628.0,1827.3,230.11,318.0,,84.51,86.45,89.88,,95.0,50.4
2019-12-27,680.0,12692.51,64.0,,608.5,1838.4,227.4,271.43,,84.51,85.43,88.26,,95.0,50.4
2020-01-03,715.0,12695.0,54.0,,524.1,1724.1,227.64,305.0,,83.46,85.52,88.26,,208.0,49.0
2020-01-10,726.5,12513.4,62.0,11065.17,549.1,1665.3,229.8,308.14,38.65,85.16,86.33,88.26,,208.0,49.0
2020-01-17,585.0,12337.86,70.0,11810.74,407.3,1359.3,228.91,304.42,41.41,84.24,86.0,87.45,,208.0,49.0
2020-01-24,576.5,12373.93,61.0,12363.99,426.9,1232.7,227.72,317.23,43.67,84.24,85.55,87.45,,208.0,49.0
2020-02-07,557.5,12352.59,57.0,12200.8,563.8,1664.9,230.63,300.15,42.59,85.16,86.65,87.85,,127.0,51.8
2020-02-14,579.0,12557.0,49.0,10971.06,548.2,1158.2,224.28,264.0,39.37,81.25,84.26,87.05,,127.0,51.8
2020-02-21,617.5,12468.96,51.0,10578.42,458.9,1240.6,215.56,275.9,39.21,78.91,80.98,81.78,,127.0,51.8
2020-02-28,574.0,12394.23,52.0,10399.81,549.5,1734.9,213.19,283.37,39.19,77.08,80.09,81.38,,127.0,51.8
2020-03-06,593.5,12170.16,45.0,10198.74,636.2,1652.4,213.12,296.24,37.96,77.6,80.06,82.19,,236.0,53.8
2020-03-13,602.5,12077.47,52.0,10248.3,362.4,1907.5,213.63,285.9,38.47,78.13,80.26,80.97,,236.0,53.8
2020-03-20,559.5,11911.13,66.0,10206.28,383.9,1639.7,213.64,301.114,38.17,78.52,80.26,77.73,,236.0,53.8
2020-03-27,559.0,11844.13,54.0,10396.15,522.9,1928.0,217.75,299.33,38.2,79.69,81.8,80.97,,236.0,53.8
2020-04-03,534.0,11694.89,49.0,10487.17,582.9,1795.4,220.34,310.56,38.08,81.38,82.78,81.78,,261.0,51.4
2020-04-10,557.0,11536.3,66.0,10433.06,621.5,1876.5,224.84,303.225,37.17,83.72,84.47,82.59,,261.0,51.4
2020-04-17,572.5,11609.35,72.0,10577.97,526.9,1659.2,227.64,304.11,37.23,85.29,85.52,83.4,,261.0,51.4
2020-04-24,569.5,11635.78,58.0,10593.74,711.0,1896.8,230.78,304.143,36.6,87.11,86.7,83.81,,261.0,51.4
2020-05-01,570.0,11585.36,51.0,10559.66,482.4,1922.6,232.23,305.688,36.45,87.11,87.25,84.21,,-1397.0,45.5
2020-05-08,586.5,11398.03,63.0,11006.94,593.2,1892.2,235.77,318.43,37.64,87.63,88.57,84.21,,-1397.0,45.5
2020-05-15,614.5,11188.96,71.0,10685.97,514.6,1687.1,237.25,316.44,36.18,88.28,89.13,86.44,,-1397.0,45.5
2020-05-22,643.0,11094.9,66.0,10739.78,454.1,1741.6,239.41,300.607,35.97,89.84,89.94,90.04,,-1397.0,45.5
2020-05-29,679.0,10926.08,72.0,10743.58,686.3,1917.1,242.09,308.14,35.46,90.49,90.95,91.77,,-1397.0,45.5
2020-06-05,677.0,10784.85,72.0,10670.62,616.2,1809.2,243.24,301.94,35.13,91.02,91.38,92.64,,-20471.0,42.5
2020-06-12,692.0,10753.7,78.0,10610.21,761.6,2168.0,244.63,314.08,34.76,91.02,91.9,93.07,,-20471.0,42.5
2020-06-19,694.0,10697.7,57.0,10577.32,673.1,1840.7,245.83,296.3,34.58,91.67,92.35,94.37,,-20471.0,42.5
2020-06-26,690.5,10617.16,78.0,10974.84,637.8,2019.3,246.63,310.292,35.85,91.54,92.66,95.24,,-20471.0,42.5
2020-07-03,675.5,10781.1,83.0,10993.06,866.7,1986.0,248.67,319.67,35.61,91.8,93.42,95.24,,2616.0,51.6
2020-07-10,713.0,10808.75,75.0,10874.63,717.5,1917.1,248.49,315.38,35.29,91.02,93.35,93.51,,2616.0,51.6
2020-07-17,742.5,10878.08,84.0,10775.82,601.6,1725.9,247.77,315.98,35.17,90.63,93.08,94.37,,2616.0,51.6
2020-07-24,746.0,11047.44,99.0,10659.39,598.9,1821.1,247.44,310.59,34.99,90.76,92.96,94.37,,2616.0,51.6
2020-07-31,764.0,11325.13,82.0,10796.19,734.1,1720.2,247.76,280.35,35.46,91.02,93.08,94.37,,4631.0,56.8
2020-08-07,816.0,11402.72,102.0,11008.03,703.7,1669.1,251.55,310.87,35.45,91.15,94.5,94.37,,4631.0,56.8
2020-08-14,839.0,11345.76,72.0,11065.09,760.5,1644.5,252.22,315.87,35.56,91.41,94.75,95.24,,4631.0,56.8
2020-08-21,841.5,11323.05,90.0,10978.03,766.7,1797.0,253.3,328.62,35.06,91.93,95.16,95.24,,4631.0,56.8
2020-08-28,832.5,11241.72,85.0,10946.53,754.4,1896.6,252.34,327.36,34.97,91.41,94.8,95.24,,4631.0,56.8
2020-09-04,850.0,11310.48,81.0,11015.53,890.6,1765.0,251.93,310.66,35.22,91.41,94.64,95.24,,1584.0,58.1
2020-09-11,837.0,11373.99,86.0,11045.74,742.9,1631.6,251.59,325.55,35.33,91.41,94.52,95.24,,1584.0,58.1
2020-09-18,803.0,11456.45,80.0,11179.83,816.8,1816.9,251.04,313.83,35.88,90.89,94.31,94.81,,1584.0,58.1
2020-09-25,764.5,11492.81,70.0,11332.2,644.2,1758.4,250.87,317.6,36.35,90.63,94.25,93.51,,1584.0,58.1
2020-10-02,809.0,11616.05,97.0,11699.42,819.2,1888.5,249.38,312.89,37.77,89.06,93.69,91.34,,1564.0,58.3
2020-10-09,830.0,11906.64,92.0,11855.6,801.0,1880.1,247.65,292.81,38.62,88.54,93.04,90.04,,1564.0,58.3
2020-10-16,785.5,12060.9,86.0,10983.62,688.0,1857.8,248.09,317.7,35.82,89.19,93.2,89.18,,1564.0,58.3
2020-10-23,771.5,12238.52,96.0,11004.39,770.1,2026.6,247.3,311.85,35.96,88.41,92.91,90.04,,1564.0,58.3
2020-10-30,794.5,12415.58,75.0,11028.53,736.4,1721.1,245.79,308.29,36.12,88.28,92.34,90.04,,1564.0,58.3
2020-11-06,789.5,12763.25,85.0,11102.35,852.9,1886.9,246.13,313.06,36.38,87.5,92.47,90.04,,951.0,58.5
2020-11-13,832.5,12811.5,78.0,11135.01,550.3,1587.2,245.6,319.86,36.67,86.46,92.27,90.91,,951.0,58.5
2020-11-20,887.5,12777.7,78.0,11063.94,754.0,1834.8,245.19,317.41,36.49,86.33,92.11,92.64,,951.0,58.5
2020-11-27,902.0,12751.4,75.0,11254.84,703.4,1667.6,243.92,322.33,37.3,86.46,91.64,92.64,,951.0,58.5
2020-12-04,972.0,12605.4,78.0,11445.27,767.5,1677.1,246.13,321.33,37.56,86.33,92.47,92.64,,691.0,58.8
2020-12-11,1059.0,12446.6,63.0,11442.51,647.6,1735.0,245.95,319.11,37.61,85.42,92.4,92.64,,691.0,58.8
2020-12-18,1132.5,12203.2,74.0,11612.22,702.9,1568.9,243.47,306.15,38.49,84.77,91.47,92.21,,691.0,58.8
2020-12-25,1114.0,12404.45,96.0,11526.35,686.4,1830.6,244.03,297.16,38.12,85.29,91.68,90.04,,691.0,58.8
2021-01-01,1079.0,12408.68,63.0,11511.16,802.5,2172.2,244.54,303.96,37.97,85.55,91.87,90.91,,270.0,62.6
2021-01-08,1144.0,12415.95,61.0,11465.31,795.3,2051.2,245.1,280.1,37.77,86.07,92.08,90.48,,270.0,62.6
2021-01-15,1160.0,12267.2,73.0,11504.0,499.8,1784.5,245.28,302.26,37.99,90.22,92.15,89.61,,270.0,62.6
2021-01-22,919.0,12411.87,98.0,11766.28,600.1,1534.2,243.87,296.5,39.02,89.39,91.63,87.45,,270.0,62.6
2021-01-29,864.5,12438.2,73.0,11993.53,574.9,1402.3,243.55,318.76,39.8,88.32,91.23,86.15,,270.0,62.6
2021-02-05,831.0,12500.71,78.0,12295.8,764.5,1704.7,241.96,304.07,41.19,87.33,90.79,79.65,,-183.0,68.0
2021-02-12,876.5,12519.4,80.0,12435.93,520.5,1294.2,243.06,328.01,41.52,88.56,91.2,75.76,,-183.0,68.0
2021-02-19,930.0,12483.35,73.0,12435.93,643.4,1958.7,243.06,328.01,41.52,88.56,91.2,75.76,,-183.0,68.0
2021-02-26,948.0,12706.9,73.0,11397.59,563.9,1694.0,246.38,284.85,37.45,89.51,92.45,77.06,,-183.0,68.0
2021-03-05,945.0,12644.73,73.0,11550.69,607.2,1800.0,246.63,294.97,37.76,89.5,92.72,85.71,,365.0,67.1
2021-03-12,858.0,12789.2,76.0,11375.95,691.0,1516.6,246.02,271.52,37.32,88.93,92.58,90.04,,365.0,67.1
2021-03-19,805.0,12882.4,85.0,11532.12,552.4,1789.1,241.6,278.57,38.65,86.32,90.91,90.48,,365.0,67.1
2021-03-26,859.0,13021.1,81.0,11396.55,630.0,1663.9,233.0,282.31,39.5,85.64,87.73,90.04,,365.0,67.1
2021-04-02,904.5,13066.1,75.0,11347.2,649.2,2158.4,236.05,306.54,38.86,85.52,88.77,89.61,,509.0,66.7
2021-04-09,898.0,13132.9,86.0,11488.34,593.2,1810.9,232.37,293.78,39.97,83.45,87.17,89.18,,509.0,66.7
2021-04-16,959.5,13098.82,89.0,11468.73,557.6,1454.8,232.43,280.91,39.87,83.86,87.19,90.48,,509.0,66.7
2021-04-23,1013.0,13315.37,88.0,11641.1,713.4,1694.3,234.36,290.01,40.1,84.13,87.92,90.04,,509.0,66.7
2021-04-30,1005.5,13320.2,65.0,11683.05,525.2,1948.0,237.23,284.4,39.9,85.5,88.81,90.04,,824.0,69.4
2021-05-07,1142.0,13026.69,87.0,11890.96,725.6,1726.0,240.38,303.44,40.21,86.18,89.99,90.04,,824.0,69.4
2021-05-14,1065.0,12957.78,76.0,11504.56,546.7,1935.2,242.14,296.13,38.63,86.99,90.79,90.04,3068.0,824.0,69.4
2021-05-21,992.0,12532.9,74.0,11596.29,580.7,1677.6,242.87,301.13,38.8,87.36,91.03,90.04,3068.0,824.0,69.4
2021-05-28,963.0,12510.6,78.0,11567.35,799.7,1840.5,243.7,291.37,38.57,87.23,91.34,90.04,3151.0,824.0,69.4
2021-06-04,1065.5,12622.16,77.0,11780.13,690.8,1682.1,244.31,290.09,39.25,88.07,91.45,85.28,3151.0,365.0,66.9
2021-06-11,1123.0,12534.7,73.0,11700.28,814.7,1687.7,245.59,294.46,38.81,88.05,91.84,86.15,3284.0,365.0,66.9
2021-06-18,1075.0,12367.17,79.0,11691.1,763.6,1849.9,245.06,298.29,38.83,87.5,91.64,85.71,3284.0,365.0,66.9
2021-06-25,1046.0,12088.75,81.0,11707.09,589.4,1828.8,245.01,300.53,38.94,87.4,91.62,86.15,3326.0,365.0,66.9
2021-07-02,1039.0,12175.91,63.0,11655.2,791.1,1981.2,243.67,294.98,39.07,86.85,90.85,74.46,3326.0,421.0,72.8
2021-07-09,1039.0,12234.86,69.0,11380.99,680.6,1810.0,216.63,258.28,43.19,63.89,80.64,71.43,3352.0,421.0,72.8
2021-07-16,1132.5,12457.6,73.0,11427.88,752.4,1623.5,229.62,285.43,40.76,85.38,85.48,74.03,3352.0,421.0,72.8
2021-07-23,1024.0,12551.38,75.0,11481.3,729.7,1597.8,236.4,277.09,39.59,83.88,88.0,82.68,3399.0,421.0,72.8
2021-07-30,922.0,12847.76,67.0,11501.42,747.3,1739.8,235.05,284.24,39.8,82.79,87.5,84.42,3399.0,421.0,72.8
2021-08-06,895.0,12813.42,73.0,11223.07,781.6,1690.8,231.83,248.82,39.33,81.67,86.37,86.15,3411.0,796.0,61.2
2021-08-13,841.5,12639.3,91.0,10767.06,639.2,1927.4,228.89,284.37,38.4,81.92,85.33,87.88,3411.0,796.0,61.2
2021-08-20,777.5,12628.3,71.0,10740.5,771.5,1505.2,230.33,299.17,38.28,82.58,85.72,89.18,3332.0,796.0,61.2
2021-08-27,840.0,12795.78,87.0,10597.78,860.8,1758.4,229.22,295.11,38.2,80.93,85.3,89.18,3332.0,796.0,61.2
2021-09-03,786.0,12920.9,76.0,10552.23,767.8,1847.2,228.75,296.48,38.12,81.62,85.13,89.18,3313.0,931.0,62.9
2021-09-10,732.5,13099.15,59.0,10423.35,768.3,1797.2,229.15,291.68,37.47,81.62,85.28,88.31,3313.0,931.0,62.9
2021-09-17,629.0,13035.2,79.0,10409.11,731.1,1848.4,227.33,283.26,37.63,80.93,84.6,88.74,3339.0,931.0,62.9
2021-09-24,684.5,12975.74,47.0,10348.64,734.7,1954.0,224.6,274.23,37.86,79.15,83.59,88.31,3339.0,931.0,62.9
2021-10-01,721.5,12857.22,67.0,10271.6,759.3,1927.4,220.13,281.8,38.43,77.44,82.1,87.88,3352.0,487.0,61.3
2021-10-08,762.5,13321.66,69.0,10405.26,943.8,1800.4,210.95,286.56,40.01,73.24,78.69,85.28,3352.0,487.0,61.3
2021-10-15,723.5,13419.3,84.0,10132.86,708.3,1704.3,214.3,274.19,38.35,77.52,79.94,86.58,3372.0,487.0,61.3
2021-10-22,689.5,13898.19,77.0,10375.52,587.8,1765.9,216.22,267.42,39.03,78.07,80.66,88.74,3372.0,487.0,61.3
2021-10-29,637.5,14045.48,88.0,10432.77,696.1,1602.3,214.58,276.33,39.37,76.55,80.05,88.74,3398.0,487.0,61.3
2021-11-05,560.5,14491.95,71.0,10415.19,567.9,1828.4,211.31,289.39,39.76,74.9,78.83,81.39,3398.0,466.0,63.5
2021-11-12,546.5,14703.83,73.0,10856.35,631.9,1817.5,204.89,283.79,42.96,70.9,76.43,71.86,3406.0,466.0,63.5
2021-11-19,536.0,15005.7,69.0,10716.8,608.5,1547.4,202.99,271.85,42.59,71.59,75.72,49.78,3406.0,466.0,63.5
2021-11-26,575.5,15106.19,69.0,10669.28,759.2,1819.1,201.98,289.75,42.5,70.34,75.35,42.86,3338.0,466.0,63.5
2021-12-03,597.0,15251.47,49.0,10604.68,746.4,1783.1,201.67,281.41,42.15,69.66,75.23,58.01,3338.0,857.0,72.1
2021-12-10,635.0,15456.93,60.0,10396.64,804.1,1986.2,200.51,276.09,41.61,69.79,74.8,67.53,3222.0,857.0,72.1
2021-12-17,681.5,15484.91,55.0,10314.5,493.4,1759.4,198.7,279.72,41.87,68.14,74.12,79.65,3222.0,857.0,72.1
2021-12-24,708.0,15696.3,64.0,10574.83,673.6,1903.7,199.11,286.13,42.66,68.0,74.28,81.39,3165.0,857.0,72.1
2021-12-31,633.0,15512.6,65.0,10810.29,798.3,1956.1,199.01,298.22,43.66,67.87,74.33,82.25,3165.0,637.0,52.9
2022-01-07,705.5,15625.65,76.0,10981.71,674.2,2121.7,203.01,294.06,43.42,71.01,75.79,86.15,3172.0,637.0,52.9
2022-01-14,736.0,15605.1,70.0,11060.99,520.7,1714.7,208.52,317.649,42.62,74.2,77.89,83.12,3172.0,637.0,52.9
2022-01-21,705.0,15697.19,72.0,11495.13,561.8,1786.5,213.69,312.17,43.15,75.77,79.89,83.12,3216.0,637.0,52.9
2022-01-28,757.0,15435.81,68.0,11710.55,448.3,1715.5,218.2,328.119,43.07,76.25,81.08,81.82,3216.0,637.0,52.9
2022-02-11,740.0,15309.93,62.0,11757.57,564.9,1585.8,219.35,324.59,43.24,74.86,81.51,83.12,3225.0,575.0,48.1
2022-02-18,649.5,15889.94,74.0,11034.13,563.8,1457.9,206.04,247.882,43.56,68.19,76.57,82.25,3242.0,575.0,48.1
2022-02-25,643.5,16034.05,63.0,11064.32,407.8,1710.0,203.01,255.361,44.55,69.58,75.44,80.95,3214.0,575.0,48.1
2022-03-04,769.0,15886.57,53.0,11118.58,552.8,1748.4,208.85,293.7854,43.08,73.44,77.61,83.12,3206.0,225.0,56.4
2022-03-11,780.0,15854.52,64.0,11034.36,677.1,1567.4,219.76,297.8486,40.38,74.72,81.49,83.55,3228.0,225.0,56.4
2022-03-18,796.5,15714.3,60.0,11013.57,427.5,1640.0,215.06,276.25,41.6,70.85,79.78,83.55,3294.0,225.0,56.4
2022-03-25,818.0,15497.3,63.0,11188.28,489.6,1706.5,220.7,272.44,41.21,78.91,81.88,81.39,3317.0,225.0,56.4
2022-04-01,894.5,15517.93,57.0,11044.79,714.4,1887.2,230.27,264.21,38.91,78.21,85.43,76.19,3311.0,869.0,60.0
2022-04-08,892.0,15389.02,64.0,10811.67,496.1,1731.6,226.1,269.193,38.78,77.45,83.76,74.89,3323.0,869.0,60.0
2022-04-15,888.0,15225.85,57.0,10707.11,552.2,1731.3,229.32,301.5,38.01,79.27,84.95,76.19,3337.0,869.0,60.0
2022-04-22,829.0,14872.5,75.0,10854.53,570.8,1784.2,233.3,300.36,37.83,80.11,86.42,74.89,3354.0,869.0,60.0
2022-04-29,825.0,14725.4,64.0,10936.86,614.5,1686.3,232.97,308.25,38.19,79.8,86.35,74.89,3371.0,869.0,60.0
2022-05-06,775.0,14517.5,63.0,11195.75,788.7,1803.2,233.57,297.77,38.9,80.93,86.57,62.77,3410.0,471.0,66.1
2022-05-13,777.0,14324.82,61.0,10846.9,633.3,1830.7,236.74,315.66,37.31,81.91,87.75,62.34,3422.0,471.0,66.1
2022-05-20,794.0,13995.7,62.0,11022.09,571.3,1796.1,238.18,321.3,37.73,82.61,88.28,58.44,3400.0,471.0,66.1
2022-05-27,806.0,13558.37,69.0,10910.31,674.4,1788.0,239.53,330.7,37.09,83.01,88.66,56.71,3373.0,471.0,66.1
2022-06-03,870.5,13453.8,69.0,10849.15,590.7,1886.5,240.88,318.04,36.64,83.83,89.26,48.48,3360.0,305.0,64.2
2022-06-10,845.0,13233.8,69.0,10719.18,727.2,1350.5,242.61,323.42,36.18,83.68,89.9,51.52,3342.0,305.0,64.2
2022-06-17,748.0,12845.33,56.0,10820.84,739.1,1902.7,243.26,318.59,36.4,84.11,90.14,58.87,3353.0,305.0,64.2
2022-06-24,693.0,12665.26,68.0,10930.4,637.7,2027.3,243.29,306.24,36.84,83.83,90.15,41.99,3348.0,305.0,64.2
2022-07-01,696.0,12571.57,66.0,10713.17,781.1,2079.8,239.65,294.55,36.79,81.92,88.98,15.15,3312.0,241.0,55.8
2022-07-08,683.0,12625.5,65.0,10541.02,791.6,1869.5,235.96,283.13,36.77,80.79,87.61,16.02,3302.0,241.0,55.8
2022-07-15,600.5,12654.62,88.0,10489.38,651.0,1723.3,230.84,288.75,37.45,78.53,85.71,16.88,3291.0,241.0,55.8
2022-07-22,644.5,13028.29,76.0,10110.91,805.7,1735.7,226.26,274.29,36.8,76.98,84.01,13.85,3232.0,241.0,55.8
2022-07-29,715.0,13194.55,56.0,10011.67,615.9,1903.8,219.24,260.71,37.61,73.16,81.4,9.96,3138.0,241.0,55.8
2022-08-05,723.0,13534.55,69.0,9684.32,902.9,1750.6,213.58,259.84,37.25,71.61,79.3,19.05,3081.0,461.0,52.0
2022-08-12,730.5,13703.98,85.0,9790.13,705.7,1905.8,214.31,268.04,37.41,72.7,79.6,41.99,3040.0,461.0,52.0
2022-08-19,673.5,13886.16,70.0,9920.73,636.4,1761.5,218.67,272.85,37.38,76.24,81.22,54.55,3020.0,461.0,52.0
2022-08-26,735.0,13888.2,77.0,9843.3,762.3,1576.2,225.78,278.22,35.86,77.9,83.89,62.77,3008.0,461.0,52.0
2022-09-02,667.5,13815.99,61.0,9867.11,790.9,1762.5,229.4,283.09,35.48,80.14,85.27,61.9,2994.0,696.0,40.4
2022-09-09,720.5,14036.46,62.0,9740.0,907.5,1692.6,233.6,287.16,34.39,80.85,86.83,50.65,2964.0,696.0,40.4
2022-09-16,715.0,13688.98,66.0,9714.1,632.0,1742.1,235.55,298.55,33.81,81.99,87.56,52.38,2938.0,696.0,40.4
2022-09-23,719.0,13718.92,80.0,9783.88,672.6,1869.2,238.02,279.78,33.74,82.41,88.32,52.81,2914.0,696.0,40.4
2022-09-30,721.5,13184.2,70.0,9911.04,799.8,2033.2,240.04,315.14,33.69,82.81,89.08,47.19,2894.0,237.0,44.3
2022-10-14,702.5,13075.64,66.0,10187.89,712.3,1901.7,240.22,331.72,34.52,82.81,89.14,51.52,2896.0,237.0,44.3
2022-10-21,676.5,12992.7,65.0,9396.87,679.2,1792.7,240.15,314.07,31.74,82.62,89.04,48.05,2905.0,237.0,44.3
2022-10-28,624.5,12912.76,75.0,9431.38,694.2,1817.3,238.05,298.72,32.04,82.05,88.26,38.53,2905.0,237.0,44.3
2022-11-04,662.5,12944.22,81.0,9413.45,874.3,1793.1,236.38,307.94,32.14,81.48,87.64,27.71,2905.0,227.0,51.3
2022-11-11,708.5,13193.46,53.0,9375.09,587.2,2037.7,232.82,287.62,32.39,78.77,86.31,9.96,2890.0,227.0,51.3
2022-11-18,753.5,13258.77,84.0,9314.81,633.9,1724.8,226.81,295.02,32.94,77.21,84.09,19.05,2880.0,227.0,51.3
2022-11-25,758.0,13319.04,59.0,9067.08,777.5,1889.8,224.85,292.62,32.49,76.35,83.36,23.81,2884.0,227.0,51.3
2022-12-02,787.5,13484.64,64.0,9097.97,652.3,1862.5,222.56,283.84,33.02,77.03,82.52,22.51,2879.0,400.0,53.3
2022-12-09,840.0,13277.81,70.0,9148.13,690.3,1923.0,222.81,299.57,33.06,75.61,82.62,23.81,2880.0,400.0,53.3
2022-12-16,846.0,13384.62,65.0,9181.69,577.1,1849.6,221.16,303.25,33.46,75.89,82.0,22.51,2897.0,400.0,53.3
2022-12-23,837.5,13398.78,73.0,9239.22,706.6,2025.0,222.88,310.05,33.57,75.97,82.64,21.65,2914.0,400.0,53.3
2022-12-30,865.0,13336.64,69.0,9464.74,793.2,1970.5,221.95,304.37,34.44,75.93,82.39,21.65,2926.0,400.0,53.3
2023-01-06,851.0,13185.63,76.0,9504.23,925.3,1890.7,222.51,291.88,34.53,75.21,82.59,19.91,2945.0,297.0,50.7
2023-01-13,900.0,13130.54,89.0,9956.34,459.5,1807.9,220.72,311.96,36.55,74.64,81.93,19.91,2951.0,297.0,50.7
2023-01-20,806.0,13358.93,72.0,10241.19,415.8,1778.0,222.3,327.48,37.47,75.68,82.56,22.94,2950.0,297.0,50.7
2023-02-03,786.0,13201.72,70.0,10372.14,564.8,1843.7,223.74,324.56,37.73,75.97,83.1,27.27,2953.0,126.0,51.6
2023-02-10,793.5,13911.29,74.0,9220.27,520.1,1934.8,227.04,263.67,33.06,77.41,84.32,34.2,2956.0,126.0,51.6
2023-02-17,797.5,14010.28,80.0,9272.75,578.1,1272.8,228.66,305.45,33.1,78.42,84.93,38.53,2963.0,126.0,51.6
2023-02-24,822.5,14110.72,65.0,9237.1,543.1,1760.1,230.81,314.41,32.67,79.54,85.75,35.93,2963.0,126.0,51.6
2023-03-03,821.0,14223.26,55.0,9137.72,591.6,1801.3,234.1,319.29,31.94,80.98,86.97,38.96,2981.0,444.0,52.2
2023-03-10,814.5,14000.56,60.0,9253.56,625.7,1835.6,234.36,321.77,32.37,81.07,87.15,42.86,2986.0,444.0,52.2
2023-03-17,802.0,13770.03,72.0,9257.73,717.7,1711.1,236.47,310.78,32.18,82.0,88.03,49.35,2996.0,444.0,52.2
2023-03-24,751.5,13682.88,76.0,9203.34,507.9,1897.6,237.58,303.31,31.85,82.29,88.44,57.58,2997.0,444.0,52.2
2023-03-31,788.0,13604.66,67.0,9151.51,624.0,1778.5,239.82,303.34,31.34,82.73,89.28,58.87,2997.0,306.0,54.4
2023-04-07,748.5,13461.24,65.0,9128.87,719.2,1942.7,243.35,315.849,30.92,83.87,90.56,58.87,2997.0,306.0,54.4
2023-04-14,713.0,13152.98,71.0,9183.15,520.6,1831.5,245.07,323.28,30.9,84.3,91.2,54.55,2993.0,306.0,54.4
2023-04-21,690.0,12911.51,71.0,9162.75,630.6,1122.3,246.7,319.23,30.71,84.74,91.8,47.62,2988.0,306.0,54.4
2023-04-28,669.0,13034.54,72.0,9123.65,590.2,1807.5,245.88,320.18,30.6,84.59,91.5,42.42,2962.0,306.0,54.4
2023-05-05,657.5,12886.99,57.0,9293.29,702.2,1876.8,243.54,324.16,31.47,82.56,90.63,26.41,2928.0,85.0,50.9
2023-05-12,653.5,12736.28,70.0,8840.76,739.7,1875.8,240.48,303.16,30.29,81.69,89.49,22.08,2890.0,85.0,50.9
2023-05-19,675.0,12600.06,74.0,8715.14,620.9,1706.9,239.25,297.52,29.97,81.1,89.03,23.81,2839.0,85.0,50.9
2023-05-26,657.5,12786.21,72.0,8693.37,663.9,1838.2,239.36,286.91,29.93,82.36,89.12,33.33,2807.0,85.0,50.9
2023-06-02,688.0,12793.83,71.0,8635.33,782.6,1695.0,241.52,291.705,29.44,82.36,89.93,34.2,2761.0,216.0,46.4
2023-06-09,733.5,12752.54,58.0,8543.17,729.1,1915.9,240.81,290.99,29.32,82.36,89.66,32.9,2742.0,216.0,46.4
2023-06-16,737.0,12622.26,73.0,8470.85,751.1,1849.9,240.82,300.84,28.93,82.36,89.67,43.72,2721.0,216.0,46.4
2023-06-23,728.5,12849.94,67.0,8484.19,737.3,2124.7,242.56,296.17,28.78,83.09,90.32,51.95,2708.0,216.0,46.4
2023-06-30,752.0,12792.98,71.0,8574.37,860.0,1817.8,245.85,303.82,28.68,84.09,91.6,60.17,2706.0,227.0,40.8
2023-07-07,741.5,12742.0,78.0,8544.52,884.5,2059.5,246.88,308.31,28.56,84.09,91.98,64.07,2702.0,227.0,40.8
2023-07-14,764.0,12638.56,81.0,8630.37,697.4,1735.1,246.82,313.42,28.89,84.48,92.11,63.64,2704.0,227.0,40.8
2023-07-21,772.0,12495.17,84.0,8522.33,712.7,1736.6,244.38,315.8,28.7,84.33,91.2,64.07,2698.0,227.0,40.8
2023-07-28,740.0,12540.56,64.0,8402.41,796.6,1645.7,244.27,313.85,28.27,83.6,91.16,64.07,2701.0,227.0,40.8
2023-08-04,725.5,12451.96,56.0,8344.97,811.2,1854.5,240.69,313.73,28.4,82.14,89.82,64.5,2710.0,257.0,45.0
2023-08-11,739.0,12290.36,60.0,8328.32,592.7,1688.1,240.98,300.75,28.26,83.36,90.05,64.94,2737.0,257.0,45.0
2023-08-18,771.5,11945.91,102.0,8389.59,804.9,1774.2,243.6,316.85,28.17,83.8,91.03,61.47,2756.0,257.0,45.0
2023-08-25,827.0,12050.99,67.0,8366.2,828.3,1839.3,245.62,326.72,27.79,84.09,91.79,58.87,2764.0,257.0,45.0
2023-09-01,845.5,12032.48,77.0,8538.98,911.1,1816.0,245.57,328.19,28.55,83.36,91.77,51.08,2777.0,148.0,52.4
2023-09-08,827.5,12126.76,62.0,8572.69,876.0,1886.9,246.92,311.6,28.53,84.09,92.27,45.45,2777.0,148.0,52.4
2023-09-15,879.0,11867.87,76.0,8531.89,680.8,1838.4,248.24,312.41,28.32,84.39,92.76,45.02,2780.0,148.0,52.4
2023-09-22,871.5,11865.75,63.0,8832.48,799.7,1798.5,247.84,323.79,29.37,84.07,92.65,42.86,2781.0,148.0,52.4
2023-09-29,852.0,11592.61,71.0,9486.34,789.7,1673.6,248.85,339.13,31.47,84.47,93.03,42.86,2795.0,148.0,52.4
2023-10-13,842.0,11385.42,70.0,9844.82,993.6,1949.4,248.99,343.0,32.55,84.17,93.08,34.2,2802.0,157.0,56.5
2023-10-20,839.0,10845.6,79.0,8842.81,714.7,1846.5,245.95,323.09,29.35,82.2,91.93,24.24,2834.0,157.0,56.5
2023-10-27,889.5,11041.51,72.0,9078.11,819.8,1743.4,242.44,310.25,30.67,82.34,90.62,19.05,2845.0,157.0,56.5
2023-11-03,924.5,11137.16,86.0,9042.56,855.9,1773.2,242.73,293.85,30.59,82.49,90.73,16.45,2848.0,158.0,59.4
2023-11-10,961.5,11293.41,82.0,8988.09,808.6,1743.2,241.4,296.12,30.54,80.12,90.23,16.88,2846.0,158.0,59.4
2023-11-17,952.0,11308.55,59.0,9006.57,485.7,1655.2,238.72,302.59,30.95,81.01,89.23,20.78,2845.0,158.0,59.4
2023-11-24,986.5,11226.9,79.0,9054.1,751.5,1911.0,235.47,302.44,31.49,79.67,88.01,29.0,2850.0,158.0,59.4
2023-12-01,975.5,11309.1,91.0,9290.1,779.7,1873.0,235.33,301.54,32.34,80.12,87.96,39.39,2865.0,186.0,52.6
2023-12-08,1013.5,11497.66,70.0,9302.4,948.7,1720.0,234.45,305.78,32.46,80.86,87.63,39.39,2880.0,186.0,52.6
2023-12-15,1003.0,11814.97,89.0,9455.23,734.4,2010.5,229.3,299.06,33.75,78.75,85.75,37.23,2886.0,186.0,52.6
2023-12-22,1044.0,11585.19,88.0,9448.08,787.0,1900.4,226.86,306.34,34.03,78.31,84.83,35.5,2904.0,186.0,52.6
2023-12-29,1037.0,11886.76,67.0,9489.97,859.1,2022.1,226.64,254.95,34.31,77.71,84.75,33.77,2919.0,186.0,52.6
2024-01-05,1085.0,11991.73,92.0,9526.95,945.5,1811.9,221.28,298.14,35.33,75.19,82.75,28.14,2933.0,141.0,50.7
2024-01-12,1030.0,12244.75,99.0,9785.83,417.6,1697.6,218.17,305.28,36.77,75.63,81.59,30.3,2944.0,141.0,50.7
2024-01-19,825.0,12621.11,91.0,9981.49,713.1,1573.9,220.79,312.81,37.12,76.08,82.56,26.84,2949.0,141.0,50.7
2024-01-26,857.0,12641.9,98.0,10243.88,644.2,1508.8,221.91,319.21,37.83,76.23,82.98,26.41,2948.0,141.0,50.7
2024-02-02,822.0,12762.4,78.0,10523.59,572.6,1720.3,223.29,307.75,38.58,76.82,83.5,26.41,2942.0,269.0,51.5
2024-02-09,840.0,12946.22,87.0,10823.97,711.8,1613.5,223.48,304.6,39.68,76.52,83.57,25.97,2939.0,269.0,51.5
2024-02-23,793.5,13147.84,85.0,10912.13,574.1,1482.3,224.08,303.48,39.7,76.67,83.8,25.97,2932.0,269.0,51.5
2024-03-01,761.0,13603.39,67.0,9530.96,668.4,1410.1,223.52,269.65,34.73,75.63,83.59,24.68,2927.0,119.0,50.4
2024-03-08,795.0,13892.68,87.0,9333.19,708.4,1836.1,222.86,293.07,34.12,75.19,83.34,27.27,2909.0,119.0,50.4
2024-03-15,731.5,14150.54,70.0,9259.98,626.7,1895.6,222.25,295.08,33.97,75.6,83.11,24.24,2899.0,119.0,50.4
2024-03-22,772.0,14285.45,69.0,9269.84,640.6,1567.4,220.82,300.75,34.28,76.15,82.58,21.21,2881.0,119.0,50.4
2024-03-29,714.5,14365.81,84.0,9394.5,492.7,1912.9,221.39,295.9,34.8,76.9,82.79,22.94,2843.0,119.0,50.4
2024-04-05,722.0,14431.2,78.0,9148.86,739.0,2072.0,221.31,289.88,33.85,76.6,82.76,28.57,2804.0,222.0,50.1
2024-04-12,801.5,14452.27,67.0,9280.15,839.9,1854.3,223.58,291.31,33.96,77.81,83.61,33.33,2757.0,222.0,50.1
2024-04-19,828.5,14487.38,80.0,9319.8,472.7,1446.7,224.75,302.15,33.8,78.41,84.05,38.1,2737.0,222.0,50.1
2024-04-26,847.5,14559.47,69.0,9364.56,626.2,1829.7,226.22,300.8,33.86,78.86,84.59,48.48,2720.0,222.0,50.1
2024-05-03,843.5,14759.11,69.0,9379.93,691.2,1906.2,228.72,300.96,33.56,79.73,85.53,50.65,2730.0,246.0,50.5
2024-05-10,846.0,14766.34,76.0,9526.12,631.1,2056.1,230.67,300.96,33.96,80.6,86.24,52.81,2734.0,246.0,50.5
2024-05-17,864.0,14675.23,75.0,9323.52,627.9,1817.6,234.5,302.69,32.61,81.5,87.67,51.95,2767.0,246.0,50.5
2024-05-24,895.5,14805.79,89.0,9271.86,704.3,1751.3,236.89,306.98,32.06,81.5,88.57,51.95,2774.0,246.0,50.5
2024-05-31,840.5,14855.32,75.0,9338.93,805.5,1944.2,236.8,298.96,32.26,81.5,88.54,54.11,2777.0,118.0,54.0
2024-06-07,820.5,14859.71,80.0,9203.76,850.6,1778.2,235.83,313.51,32.01,81.65,88.17,52.81,2776.0,118.0,54.0
2024-06-14,807.0,14927.76,72.0,9218.2,640.2,1953.6,235.75,312.82,32.0,81.5,88.14,52.81,2754.0,118.0,54.0
2024-06-21,791.5,14892.62,76.0,9249.91,770.9,2089.8,239.31,309.38,31.58,82.05,89.53,49.78,2751.0,118.0,54.0
2024-06-28,803.5,14883.27,70.0,9214.13,773.1,2059.7,239.94,311.52,31.34,82.81,89.76,51.95,2738.0,118.0,54.0
2024-07-05,828.0,14926.32,86.0,9140.13,1018.2,2074.0,239.44,307.78,31.17,83.11,89.13,42.86,2728.0,193.0,56.9
2024-07-12,810.5,14988.66,92.0,9212.91,650.7,1871.9,239.32,309.47,31.42,82.81,89.08,44.59,2730.0,193.0,56.9
2024-07-19,783.5,14988.89,90.0,9324.13,913.0,1560.4,238.29,309.88,31.98,82.5,88.7,36.8,2729.0,193.0,56.9
2024-07-26,765.0,15131.01,76.0,9233.91,708.9,1673.6,239.65,309.72,31.49,82.63,89.62,32.03,2736.0,193.0,56.9
2024-08-02,779.0,15279.94,60.0,9204.87,919.4,1568.2,239.61,321.14,31.34,82.33,89.61,15.15,2729.0,87.0,51.7
2024-08-09,741.5,15090.31,84.0,9122.68,725.7,1810.2,236.62,298.39,31.36,81.28,88.87,6.49,2721.0,87.0,51.7
2024-08-16,697.0,15043.96,74.0,9045.87,804.4,1639.0,231.7,308.02,31.88,80.21,87.02,5.19,2715.0,87.0,51.7
2024-08-23,719.5,15035.1,72.0,9069.98,803.7,1778.1,228.77,321.82,32.34,78.84,85.92,4.76,2689.0,87.0,51.7
2024-08-30,754.0,15032.52,70.0,9000.06,762.0,1848.2,224.46,302.63,32.6,77.47,84.3,1.3,2680.0,87.0,51.7
2024-09-06,684.0,15372.38,73.0,8996.47,1059.0,1836.1,220.89,299.99,33.05,76.41,82.96,3.9,2664.0,88.0,49.9
2024-09-13,694.0,15408.95,78.0,8858.27,771.0,1812.5,222.61,302.74,32.33,77.63,83.6,4.33,2650.0,88.0,49.9
2024-09-20,680.0,15383.54,67.0,9090.42,838.9,2063.6,223.38,311.6,33.02,77.63,83.89,6.06,2623.0,88.0,49.9
2024-09-27,750.0,15311.85,77.0,9032.66,844.0,1941.9,223.83,302.15,32.63,78.23,84.06,9.96,2600.0,88.0,49.9
2024-10-04,821.5,15052.92,97.0,9509.52,845.8,1913.1,224.86,326.3,34.12,78.23,84.45,18.61,2577.0,71.0,43.2
2024-10-11,789.0,15139.44,58.0,8684.73,637.0,1765.6,228.02,326.3,30.7,79.57,85.61,37.66,2577.0,71.0,43.2
2024-10-18,760.5,15105.93,101.0,8985.3,850.1,1641.4,233.08,325.01,31.18,80.79,87.51,71.43,2593.0,71.0,43.2
2024-10-25,769.5,15297.53,78.0,9006.73,729.1,1731.6,234.36,325.9,31.17,81.68,87.99,74.46,2612.0,71.0,43.2
2024-11-01,770.5,15341.68,79.0,8978.91,847.9,1782.8,235.69,323.34,30.87,82.14,88.48,64.94,2611.0,240.0,45.1
2024-11-08,776.0,15419.98,67.0,8997.9,832.0,1840.9,235.47,320.12,30.97,82.44,88.4,61.04,2609.0,240.0,45.1
2024-11-15,736.0,15269.06,76.0,9130.51,696.5,1947.6,234.06,314.39,31.49,82.29,87.87,59.74,2607.0,240.0,45.1
2024-11-22,769.0,15280.51,91.0,9053.73,836.2,1722.6,235.94,325.66,30.91,82.08,88.58,57.58,2571.0,240.0,45.1
2024-11-29,797.5,15319.38,67.0,9173.04,799.6,1748.0,235.8,326.98,31.35,81.93,88.53,54.55,2558.0,240.0,45.1
2024-12-06,797.5,15046.89,68.0,9285.54,760.2,1774.2,233.87,335.87,32.04,81.62,87.8,51.95,2555.0,44.0,53.4
2024-12-13,809.0,15036.59,71.0,9372.15,531.2,1615.7,232.61,323.37,32.45,81.47,87.33,49.78,2556.0,44.0,53.4
2024-12-20,783.0,15067.37,73.0,9431.9,743.9,1834.0,232.47,337.13,32.61,80.55,87.28,48.05,2556.0,44.0,53.4
2024-12-27,771.0,14974.48,56.0,9571.7,772.8,1707.4,229.41,324.25,33.52,79.63,86.13,48.48,2558.0,44.0,53.4
2025-01-03,766.0,14863.06,70.0,9644.12,748.5,2189.7,227.87,324.21,34.01,78.71,85.55,49.78,2557.0,261.0,49.8
2025-01-10,770.0,14876.94,86.0,9858.93,677.8,1946.2,225.2,318.26,35.11,78.1,84.55,48.05,2555.0,261.0,49.8
2025-01-17,764.5,15002.96,77.0,10074.08,596.6,1790.9,224.37,326.27,36.01,77.18,84.24,50.65,2537.0,261.0,49.8
2025-01-24,751.0,15056.05,65.0,10264.71,467.3,1268.7,224.48,332.39,36.58,77.18,84.28,50.22,2535.0,261.0,49.8
2025-01-31,750.5,14934.31,88.0,10846.32,634.2,1234.6,225.45,330.13,38.6,77.98,84.64,48.92,2543.0,323.0,48.2
2025-02-07,756.5,15058.99,55.0,10846.32,703.2,2067.1,225.45,330.13,38.6,77.98,84.64,48.92,2543.0,323.0,48.2
2025-02-14,739.0,15367.68,65.0,9464.74,609.4,1288.7,228.44,268.67,33.19,77.98,85.76,51.52,2543.0,323.0,48.2
2025-02-21,768.0,15392.53,70.0,9142.81,453.7,788.2,227.99,281.49,32.22,77.98,85.6,50.65,2535.0,323.0,48.2
2025-02-28,734.0,15339.54,78.0,9170.7,719.3,1856.1,227.51,297.66,32.39,77.68,85.41,49.78,2534.0,111.0,49.5
2025-03-07,712.0,15221.4,49.0,9167.19,796.2,1941.3,227.94,298.83,32.26,78.29,85.58,50.22,2534.0,111.0,49.5
2025-03-14,726.0,14577.88,59.0,9182.41,816.3,1826.2,230.51,303.65,32.11,79.51,86.54,53.25,2499.0,111.0,49.5
2025-03-21,699.5,14420.85,81.0,9144.65,480.5,1873.2,230.59,308.58,32.04,80.58,86.57,53.25,2481.0,111.0,49.5
2025-03-28,725.0,14462.49,79.0,9124.86,636.5,1878.6,236.26,302.61,31.23,81.96,88.7,53.25,2465.0,111.0,49.5
2025-04-04,721.5,14520.4,65.0,9110.45,661.4,1986.4,237.28,313.21,31.04,82.11,89.08,53.68,2442.0,102.0,50.8
2025-04-11,683.5,14468.41,64.0,9171.72,733.9,1659.2,238.73,317.56,31.03,83.13,89.63,55.41,2439.0,102.0,50.8
2025-04-18,673.0,14341.02,72.0,9077.13,728.5,1706.3,240.22,318.05,30.46,83.28,90.19,53.68,2424.0,102.0,50.8
2025-04-25,683.0,14056.0,73.0,9052.92,638.6,1799.2,240.12,309.51,30.37,83.56,90.15,54.98,2417.0,102.0,50.8
2025-05-02,679.0,14261.0,72.0,9073.03,763.2,1995.2,244.35,327.92,30.1,84.33,91.6,57.58,2418.0,120.0,49.8
2025-05-09,670.0,14302.48,78.0,9335.05,786.7,1811.3,245.42,331.84,30.69,84.33,92.0,56.28,2418.0,120.0,49.8
2025-05-16,691.5,14238.71,81.0,8958.98,649.7,1842.7,245.64,315.21,29.48,84.62,92.09,58.87,2413.0,120.0,49.8
2025-05-23,682.5,14166.09,66.0,8961.16,886.8,1888.7,244.77,323.89,29.58,84.15,91.76,59.31,2412.0,120.0,49.8
2025-05-30,666.5,13987.83,66.0,8925.48,776.8,2013.2,243.6,327.09,29.57,83.69,91.32,59.74,2410.0,120.0,49.8
2025-06-06,671.5,13866.58,85.0,8754.33,948.3,1920.5,241.91,326.68,29.21,83.87,90.69,58.87,2399.0,158.0,47.0
2025-06-13,672.5,13826.69,84.0,8690.18,749.6,2169.9,241.8,313.99,28.92,83.56,90.65,58.87,2362.0,158.0,47.0
2025-06-20,674.0,13933.14,70.0,8798.68,782.8,2059.3,241.61,301.25,29.29,83.41,90.58,58.44,2321.0,158.0,47.0
2025-06-27,689.5,13894.16,74.0,8936.24,951.0,2109.9,242.18,313.56,29.69,83.82,90.79,59.31,2293.0,158.0,47.0
2025-07-04,707.0,13930.23,72.0,8847.47,883.3,1999.0,242.29,325.94,29.37,83.82,90.83,59.31,2270.0,19.0,46.9
2025-07-11,736.5,13878.4,81.0,8918.57,662.4,1802.6,240.85,319.29,29.65,83.46,90.29,59.31,2256.0,19.0,46.9
2025-07-18,753.0,13765.89,73.0,8979.64,820.5,1738.3,239.81,319.51,30.08,83.15,89.9,59.74,2256.0,19.0,46.9
2025-07-25,772.5,13785.21,81.0,8822.16,922.6,1629.4,242.44,322.74,29.29,83.46,90.89,60.17,2256.0,19.0,46.9
2025-08-01,757.0,13790.38,65.0,8885.22,896.4,1859.6,242.23,315.15,29.51,83.46,90.81,63.64,2266.0,-13.0,48.4
2025-08-08,773.5,13657.9,73.0,9012.09,752.0,1780.2,240.71,302.71,30.09,83.46,90.24,65.37,2305.0,-13.0,48.4
2025-08-15,776.0,13712.27,67.0,9013.34,867.8,1662.5,240.32,321.85,30.23,83.75,90.09,68.4,2318.0,-13.0,48.4
2025-08-22,770.0,13819.27,77.0,9136.4,1086.1,1669.9,240.66,334.67,30.61,83.59,90.22,65.8,2321.0,-13.0,48.4
2025-08-29,787.5,13845.2,67.0,9065.47,815.6,1944.8,240.75,325.74,30.44,83.36,90.25,64.94,2328.0,-13.0,48.4
2025-09-05,789.5,13763.02,71.0,9007.19,1007.5,1894.6,240.13,318.64,30.42,83.2,90.02,63.64,2337.0,79.0,51.5
2025-09-12,799.5,13825.32,76.0,8939.87,507.2,1822.4,228.84,317.78,31.85,80.4,85.79,61.04,2339.0,79.0,51.5
2025-09-19,807.5,13849.47,75.0,8993.05,893.2,2084.6,240.55,331.28,30.32,83.83,90.18,60.17,2345.0,79.0,51.5
2025-09-26,790.0,13801.08,75.0,9309.43,854.0,1918.8,241.02,339.17,31.3,83.98,90.35,58.87,2349.0,79.0,51.5
